YIL;BÖLGE KODU;BÖLGE ADI;Belediye atık istatistikleri : Toplanan atık miktarı (1000 ton)
1998;TR100;İstanbul;6074
2001;TR100;İstanbul;6112
2002;TR100;İstanbul;5231
2003;TR100;İstanbul;5375
2004;TR100;İstanbul;4471
2006;TR100;İstanbul;4772
2008;TR100;İstanbul;5215
2010;TR100;İstanbul;5731
2012;TR100;İstanbul;5671
2014;TR100;İstanbul;6065
2016;TR100;İstanbul;7035
2018;TR100;İstanbul;7043
2020;TR100;İstanbul;6959
2022;TR100;İstanbul;6553
1998;TR211;Tekirdağ;349
2001;TR211;Tekirdağ;392
2002;TR211;Tekirdağ;425
2003;TR211;Tekirdağ;414
2004;TR211;Tekirdağ;416
2006;TR211;Tekirdağ;371
2008;TR211;Tekirdağ;372
2010;TR211;Tekirdağ;376
2012;TR211;Tekirdağ;395
2014;TR211;Tekirdağ;397
2016;TR211;Tekirdağ;486
2018;TR211;Tekirdağ;500
2020;TR211;Tekirdağ;452
2022;TR211;Tekirdağ;485
1998;TR212;Edirne;127
2001;TR212;Edirne;112
2002;TR212;Edirne;130
2003;TR212;Edirne;157
2004;TR212;Edirne;155
2006;TR212;Edirne;171
2008;TR212;Edirne;193
2010;TR212;Edirne;194
2012;TR212;Edirne;224
2014;TR212;Edirne;199
2016;TR212;Edirne;179
2018;TR212;Edirne;155
2020;TR212;Edirne;155
2022;TR212;Edirne;148
1998;TR213;Kırklareli;114
2001;TR213;Kırklareli;107
2002;TR213;Kırklareli;126
2003;TR213;Kırklareli;125
2004;TR213;Kırklareli;123
2006;TR213;Kırklareli;138
2008;TR213;Kırklareli;137
2010;TR213;Kırklareli;144
2012;TR213;Kırklareli;78
2014;TR213;Kırklareli;130
2016;TR213;Kırklareli;129
2018;TR213;Kırklareli;127
2020;TR213;Kırklareli;127
2022;TR213;Kırklareli;112
1998;TR221;Balıkesir;563
2001;TR221;Balıkesir;411
2002;TR221;Balıkesir;446
2003;TR221;Balıkesir;485
2004;TR221;Balıkesir;505
2006;TR221;Balıkesir;503
2008;TR221;Balıkesir;415
2010;TR221;Balıkesir;445
2012;TR221;Balıkesir;457
2014;TR221;Balıkesir;536
2016;TR221;Balıkesir;665
2018;TR221;Balıkesir;665
2020;TR221;Balıkesir;511
2022;TR221;Balıkesir;445
1998;TR222;Çanakkale;190
2001;TR222;Çanakkale;180
2002;TR222;Çanakkale;189
2003;TR222;Çanakkale;197
2004;TR222;Çanakkale;186
2006;TR222;Çanakkale;177
2008;TR222;Çanakkale;152
2010;TR222;Çanakkale;155
2012;TR222;Çanakkale;166
2014;TR222;Çanakkale;175
2016;TR222;Çanakkale;220
2018;TR222;Çanakkale;262
2020;TR222;Çanakkale;257
2022;TR222;Çanakkale;257
1998;TR310;İzmir;1464
2001;TR310;İzmir;1455
2002;TR310;İzmir;1332
2003;TR310;İzmir;1329
2004;TR310;İzmir;1440
2006;TR310;İzmir;1342
2008;TR310;İzmir;1351
2010;TR310;İzmir;1686
2012;TR310;İzmir;1613
2014;TR310;İzmir;1660
2016;TR310;İzmir;2026
2018;TR310;İzmir;2132
2020;TR310;İzmir;2337
2022;TR310;İzmir;1983
1998;TR321;Aydın;341
2001;TR321;Aydın;357
2002;TR321;Aydın;405
2003;TR321;Aydın;425
2004;TR321;Aydın;444
2006;TR321;Aydın;419
2008;TR321;Aydın;374
2010;TR321;Aydın;343
2012;TR321;Aydın;346
2014;TR321;Aydın;431
2016;TR321;Aydın;547
2018;TR321;Aydın;479
2020;TR321;Aydın;485
2022;TR321;Aydın;456
1998;TR322;Denizli;351
2001;TR322;Denizli;329
2002;TR322;Denizli;356
2003;TR322;Denizli;358
2004;TR322;Denizli;270
2006;TR322;Denizli;299
2008;TR322;Denizli;280
2010;TR322;Denizli;280
2012;TR322;Denizli;306
2014;TR322;Denizli;361
2016;TR322;Denizli;401
2018;TR322;Denizli;402
2020;TR322;Denizli;365
2022;TR322;Denizli;343
1998;TR323;Muğla;410
2001;TR323;Muğla;519
2002;TR323;Muğla;578
2003;TR323;Muğla;575
2004;TR323;Muğla;490
2006;TR323;Muğla;442
2008;TR323;Muğla;399
2010;TR323;Muğla;397
2012;TR323;Muğla;462
2014;TR323;Muğla;536
2016;TR323;Muğla;660
2018;TR323;Muğla;674
2020;TR323;Muğla;677
2022;TR323;Muğla;582
1998;TR331;Manisa;383
2001;TR331;Manisa;350
2002;TR331;Manisa;402
2003;TR331;Manisa;456
2004;TR331;Manisa;458
2006;TR331;Manisa;486
2008;TR331;Manisa;474
2010;TR331;Manisa;481
2012;TR331;Manisa;492
2014;TR331;Manisa;619
2016;TR331;Manisa;676
2018;TR331;Manisa;642
2020;TR331;Manisa;638
2022;TR331;Manisa;635
1998;TR332;Afyonkarahisar;321
2001;TR332;Afyonkarahisar;300
2002;TR332;Afyonkarahisar;334
2003;TR332;Afyonkarahisar;336
2004;TR332;Afyonkarahisar;343
2006;TR332;Afyonkarahisar;283
2008;TR332;Afyonkarahisar;238
2010;TR332;Afyonkarahisar;247
2012;TR332;Afyonkarahisar;249
2014;TR332;Afyonkarahisar;238
2016;TR332;Afyonkarahisar;207
2018;TR332;Afyonkarahisar;206
2020;TR332;Afyonkarahisar;197
2022;TR332;Afyonkarahisar;198
1998;TR333;Kütahya;330
2001;TR333;Kütahya;333
2002;TR333;Kütahya;337
2003;TR333;Kütahya;347
2004;TR333;Kütahya;262
2006;TR333;Kütahya;272
2008;TR333;Kütahya;269
2010;TR333;Kütahya;292
2012;TR333;Kütahya;212
2014;TR333;Kütahya;175
2016;TR333;Kütahya;156
2018;TR333;Kütahya;160
2020;TR333;Kütahya;154
2022;TR333;Kütahya;147
1998;TR334;Uşak;115
2001;TR334;Uşak;109
2002;TR334;Uşak;112
2003;TR334;Uşak;118
2004;TR334;Uşak;123
2006;TR334;Uşak;109
2008;TR334;Uşak;109
2010;TR334;Uşak;115
2012;TR334;Uşak;124
2014;TR334;Uşak;110
2016;TR334;Uşak;144
2018;TR334;Uşak;145
2020;TR334;Uşak;138
2022;TR334;Uşak;124
1998;TR411;Bursa;618
2001;TR411;Bursa;625
2002;TR411;Bursa;674
2003;TR411;Bursa;706
2004;TR411;Bursa;743
2006;TR411;Bursa;803
2008;TR411;Bursa;849
2010;TR411;Bursa;858
2012;TR411;Bursa;860
2014;TR411;Bursa;1011
2016;TR411;Bursa;1178
2018;TR411;Bursa;1181
2020;TR411;Bursa;1167
2022;TR411;Bursa;1033
1998;TR412;Eskişehir;249
2001;TR412;Eskişehir;237
2002;TR412;Eskişehir;245
2003;TR412;Eskişehir;256
2004;TR412;Eskişehir;244
2006;TR412;Eskişehir;259
2008;TR412;Eskişehir;273
2010;TR412;Eskişehir;274
2012;TR412;Eskişehir;243
2014;TR412;Eskişehir;272
2016;TR412;Eskişehir;318
2018;TR412;Eskişehir;332
2020;TR412;Eskişehir;328
2022;TR412;Eskişehir;308
1998;TR413;Bilecik;79
2001;TR413;Bilecik;76
2002;TR413;Bilecik;85
2003;TR413;Bilecik;86
2004;TR413;Bilecik;85
2006;TR413;Bilecik;87
2008;TR413;Bilecik;73
2010;TR413;Bilecik;73
2012;TR413;Bilecik;80
2014;TR413;Bilecik;76
2016;TR413;Bilecik;75
2018;TR413;Bilecik;75
2020;TR413;Bilecik;80
2022;TR413;Bilecik;61
1998;TR421;Kocaeli;574
2001;TR421;Kocaeli;433
2002;TR421;Kocaeli;451
2003;TR421;Kocaeli;414
2004;TR421;Kocaeli;380
2006;TR421;Kocaeli;452
2008;TR421;Kocaeli;480
2010;TR421;Kocaeli;513
2012;TR421;Kocaeli;555
2014;TR421;Kocaeli;573
2016;TR421;Kocaeli;669
2018;TR421;Kocaeli;713
2020;TR421;Kocaeli;713
2022;TR421;Kocaeli;622
1998;TR422;Sakarya;191
2001;TR422;Sakarya;240
2002;TR422;Sakarya;227
2003;TR422;Sakarya;218
2004;TR422;Sakarya;225
2006;TR422;Sakarya;237
2008;TR422;Sakarya;280
2010;TR422;Sakarya;240
2012;TR422;Sakarya;300
2014;TR422;Sakarya;340
2016;TR422;Sakarya;401
2018;TR422;Sakarya;394
2020;TR422;Sakarya;371
2022;TR422;Sakarya;355
1998;TR423;Düzce;-
2001;TR423;Düzce;105
2002;TR423;Düzce;98
2003;TR423;Düzce;106
2004;TR423;Düzce;105
2006;TR423;Düzce;111
2008;TR423;Düzce;102
2010;TR423;Düzce;125
2012;TR423;Düzce;130
2014;TR423;Düzce;122
2016;TR423;Düzce;116
2018;TR423;Düzce;109
2020;TR423;Düzce;93
2022;TR423;Düzce;96
1998;TR424;Bolu;156
2001;TR424;Bolu;100
2002;TR424;Bolu;104
2003;TR424;Bolu;106
2004;TR424;Bolu;109
2006;TR424;Bolu;114
2008;TR424;Bolu;87
2010;TR424;Bolu;92
2012;TR424;Bolu;104
2014;TR424;Bolu;117
2016;TR424;Bolu;119
2018;TR424;Bolu;116
2020;TR424;Bolu;111
2022;TR424;Bolu;98
1998;TR425;Yalova;56
2001;TR425;Yalova;65
2002;TR425;Yalova;71
2003;TR425;Yalova;81
2004;TR425;Yalova;85
2006;TR425;Yalova;105
2008;TR425;Yalova;79
2010;TR425;Yalova;70
2012;TR425;Yalova;76
2014;TR425;Yalova;86
2016;TR425;Yalova;93
2018;TR425;Yalova;100
2020;TR425;Yalova;133
2022;TR425;Yalova;118
1998;TR510;Ankara;2260
2001;TR510;Ankara;2327
2002;TR510;Ankara;2363
2003;TR510;Ankara;2360
2004;TR510;Ankara;2189
2006;TR510;Ankara;2278
2008;TR510;Ankara;2166
2010;TR510;Ankara;2002
2012;TR510;Ankara;1881
2014;TR510;Ankara;2059
2016;TR510;Ankara;2220
2018;TR510;Ankara;2357
2020;TR510;Ankara;2126
2022;TR510;Ankara;1957
1998;TR521;Konya;684
2001;TR521;Konya;689
2002;TR521;Konya;763
2003;TR521;Konya;814
2004;TR521;Konya;716
2006;TR521;Konya;691
2008;TR521;Konya;643
2010;TR521;Konya;653
2012;TR521;Konya;706
2014;TR521;Konya;789
2016;TR521;Konya;830
2018;TR521;Konya;857
2020;TR521;Konya;921
2022;TR521;Konya;823
1998;TR522;Karaman;125
2001;TR522;Karaman;112
2002;TR522;Karaman;117
2003;TR522;Karaman;117
2004;TR522;Karaman;125
2006;TR522;Karaman;125
2008;TR522;Karaman;86
2010;TR522;Karaman;63
2012;TR522;Karaman;72
2014;TR522;Karaman;82
2016;TR522;Karaman;79
2018;TR522;Karaman;81
2020;TR522;Karaman;75
2022;TR522;Karaman;65
1998;TR611;Antalya;670
2001;TR611;Antalya;666
2002;TR611;Antalya;726
2003;TR611;Antalya;761
2004;TR611;Antalya;808
2006;TR611;Antalya;849
2008;TR611;Antalya;838
2010;TR611;Antalya;896
2012;TR611;Antalya;943
2014;TR611;Antalya;1016
2016;TR611;Antalya;1148
2018;TR611;Antalya;1293
2020;TR611;Antalya;1319
2022;TR611;Antalya;1341
1998;TR612;Isparta;175
2001;TR612;Isparta;188
2002;TR612;Isparta;203
2003;TR612;Isparta;213
2004;TR612;Isparta;209
2006;TR612;Isparta;212
2008;TR612;Isparta;136
2010;TR612;Isparta;140
2012;TR612;Isparta;146
2014;TR612;Isparta;143
2016;TR612;Isparta;161
2018;TR612;Isparta;164
2020;TR612;Isparta;161
2022;TR612;Isparta;155
1998;TR613;Burdur;93
2001;TR613;Burdur;92
2002;TR613;Burdur;114
2003;TR613;Burdur;117
2004;TR613;Burdur;118
2006;TR613;Burdur;115
2008;TR613;Burdur;71
2010;TR613;Burdur;72
2012;TR613;Burdur;70
2014;TR613;Burdur;74
2016;TR613;Burdur;89
2018;TR613;Burdur;97
2020;TR613;Burdur;123
2022;TR613;Burdur;128
1998;TR621;Adana;659
2001;TR621;Adana;700
2002;TR621;Adana;727
2003;TR621;Adana;741
2004;TR621;Adana;785
2006;TR621;Adana;775
2008;TR621;Adana;771
2010;TR621;Adana;826
2012;TR621;Adana;614
2014;TR621;Adana;667
2016;TR621;Adana;715
2018;TR621;Adana;793
2020;TR621;Adana;800
2022;TR621;Adana;666
1998;TR622;Mersin;453
2001;TR622;Mersin;510
2002;TR622;Mersin;555
2003;TR622;Mersin;571
2004;TR622;Mersin;610
2006;TR622;Mersin;618
2008;TR622;Mersin;599
2010;TR622;Mersin;565
2012;TR622;Mersin;567
2014;TR622;Mersin;637
2016;TR622;Mersin;774
2018;TR622;Mersin;708
2020;TR622;Mersin;819
2022;TR622;Mersin;591
1998;TR631;Hatay;248
2001;TR631;Hatay;349
2002;TR631;Hatay;388
2003;TR631;Hatay;416
2004;TR631;Hatay;421
2006;TR631;Hatay;398
2008;TR631;Hatay;403
2010;TR631;Hatay;377
2012;TR631;Hatay;360
2014;TR631;Hatay;393
2016;TR631;Hatay;509
2018;TR631;Hatay;711
2020;TR631;Hatay;771
2022;TR631;Hatay;827
1998;TR632;Kahramanmaraş;228
2001;TR632;Kahramanmaraş;198
2002;TR632;Kahramanmaraş;247
2003;TR632;Kahramanmaraş;231
2004;TR632;Kahramanmaraş;238
2006;TR632;Kahramanmaraş;256
2008;TR632;Kahramanmaraş;254
2010;TR632;Kahramanmaraş;256
2012;TR632;Kahramanmaraş;248
2014;TR632;Kahramanmaraş;309
2016;TR632;Kahramanmaraş;284
2018;TR632;Kahramanmaraş;318
2020;TR632;Kahramanmaraş;342
2022;TR632;Kahramanmaraş;405
1998;TR633;Osmaniye;125
2001;TR633;Osmaniye;114
2002;TR633;Osmaniye;126
2003;TR633;Osmaniye;132
2004;TR633;Osmaniye;137
2006;TR633;Osmaniye;112
2008;TR633;Osmaniye;101
2010;TR633;Osmaniye;107
2012;TR633;Osmaniye;110
2014;TR633;Osmaniye;143
2016;TR633;Osmaniye;151
2018;TR633;Osmaniye;135
2020;TR633;Osmaniye;142
2022;TR633;Osmaniye;131
1998;TR711;Kırıkkale;247
2001;TR711;Kırıkkale;186
2002;TR711;Kırıkkale;203
2003;TR711;Kırıkkale;205
2004;TR711;Kırıkkale;209
2006;TR711;Kırıkkale;212
2008;TR711;Kırıkkale;128
2010;TR711;Kırıkkale;133
2012;TR711;Kırıkkale;41
2014;TR711;Kırıkkale;74
2016;TR711;Kırıkkale;76
2018;TR711;Kırıkkale;78
2020;TR711;Kırıkkale;84
2022;TR711;Kırıkkale;76
1998;TR712;Aksaray;117
2001;TR712;Aksaray;124
2002;TR712;Aksaray;124
2003;TR712;Aksaray;112
2004;TR712;Aksaray;113
2006;TR712;Aksaray;113
2008;TR712;Aksaray;105
2010;TR712;Aksaray;112
2012;TR712;Aksaray;107
2014;TR712;Aksaray;108
2016;TR712;Aksaray;105
2018;TR712;Aksaray;122
2020;TR712;Aksaray;123
2022;TR712;Aksaray;99
1998;TR713;Niğde;124
2001;TR713;Niğde;117
2002;TR713;Niğde;132
2003;TR713;Niğde;147
2004;TR713;Niğde;132
2006;TR713;Niğde;149
2008;TR713;Niğde;147
2010;TR713;Niğde;117
2012;TR713;Niğde;120
2014;TR713;Niğde;103
2016;TR713;Niğde;95
2018;TR713;Niğde;109
2020;TR713;Niğde;119
2022;TR713;Niğde;103
1998;TR714;Nevşehir;124
2001;TR714;Nevşehir;137
2002;TR714;Nevşehir;143
2003;TR714;Nevşehir;140
2004;TR714;Nevşehir;139
2006;TR714;Nevşehir;133
2008;TR714;Nevşehir;114
2010;TR714;Nevşehir;107
2012;TR714;Nevşehir;111
2014;TR714;Nevşehir;110
2016;TR714;Nevşehir;87
2018;TR714;Nevşehir;86
2020;TR714;Nevşehir;85
2022;TR714;Nevşehir;88
1998;TR715;Kırşehir;150
2001;TR715;Kırşehir;132
2002;TR715;Kırşehir;156
2003;TR715;Kırşehir;161
2004;TR715;Kırşehir;155
2006;TR715;Kırşehir;157
2008;TR715;Kırşehir;96
2010;TR715;Kırşehir;87
2012;TR715;Kırşehir;143
2014;TR715;Kırşehir;78
2016;TR715;Kırşehir;76
2018;TR715;Kırşehir;74
2020;TR715;Kırşehir;80
2022;TR715;Kırşehir;75
1998;TR721;Kayseri;485
2001;TR721;Kayseri;511
2002;TR721;Kayseri;529
2003;TR721;Kayseri;515
2004;TR721;Kayseri;527
2006;TR721;Kayseri;491
2008;TR721;Kayseri;424
2010;TR721;Kayseri;463
2012;TR721;Kayseri;406
2014;TR721;Kayseri;417
2016;TR721;Kayseri;430
2018;TR721;Kayseri;476
2020;TR721;Kayseri;486
2022;TR721;Kayseri;514
1998;TR722;Sivas;328
2001;TR722;Sivas;298
2002;TR722;Sivas;313
2003;TR722;Sivas;310
2004;TR722;Sivas;320
2006;TR722;Sivas;264
2008;TR722;Sivas;207
2010;TR722;Sivas;183
2012;TR722;Sivas;206
2014;TR722;Sivas;185
2016;TR722;Sivas;206
2018;TR722;Sivas;193
2020;TR722;Sivas;199
2022;TR722;Sivas;258
1998;TR723;Yozgat;163
2001;TR723;Yozgat;172
2002;TR723;Yozgat;192
2003;TR723;Yozgat;199
2004;TR723;Yozgat;200
2006;TR723;Yozgat;199
2008;TR723;Yozgat;150
2010;TR723;Yozgat;122
2012;TR723;Yozgat;137
2014;TR723;Yozgat;127
2016;TR723;Yozgat;132
2018;TR723;Yozgat;123
2020;TR723;Yozgat;127
2022;TR723;Yozgat;135
1998;TR811;Zonguldak;276
2001;TR811;Zonguldak;289
2002;TR811;Zonguldak;286
2003;TR811;Zonguldak;315
2004;TR811;Zonguldak;322
2006;TR811;Zonguldak;184
2008;TR811;Zonguldak;159
2010;TR811;Zonguldak;148
2012;TR811;Zonguldak;179
2014;TR811;Zonguldak;184
2016;TR811;Zonguldak;155
2018;TR811;Zonguldak;161
2020;TR811;Zonguldak;152
2022;TR811;Zonguldak;141
1998;TR812;Karabük;57
2001;TR812;Karabük;48
2002;TR812;Karabük;53
2003;TR812;Karabük;56
2004;TR812;Karabük;59
2006;TR812;Karabük;63
2008;TR812;Karabük;61
2010;TR812;Karabük;66
2012;TR812;Karabük;64
2014;TR812;Karabük;75
2016;TR812;Karabük;81
2018;TR812;Karabük;91
2020;TR812;Karabük;94
2022;TR812;Karabük;51
1998;TR813;Bartın;31
2001;TR813;Bartın;34
2002;TR813;Bartın;39
2003;TR813;Bartın;37
2004;TR813;Bartın;37
2006;TR813;Bartın;33
2008;TR813;Bartın;39
2010;TR813;Bartın;49
2012;TR813;Bartın;50
2014;TR813;Bartın;41
2016;TR813;Bartın;61
2018;TR813;Bartın;71
2020;TR813;Bartın;78
2022;TR813;Bartın;75
1998;TR821;Kastamonu;118
2001;TR821;Kastamonu;116
2002;TR821;Kastamonu;120
2003;TR821;Kastamonu;119
2004;TR821;Kastamonu;126
2006;TR821;Kastamonu;121
2008;TR821;Kastamonu;113
2010;TR821;Kastamonu;114
2012;TR821;Kastamonu;128
2014;TR821;Kastamonu;130
2016;TR821;Kastamonu;82
2018;TR821;Kastamonu;90
2020;TR821;Kastamonu;84
2022;TR821;Kastamonu;76
1998;TR822;Çankırı;48
2001;TR822;Çankırı;54
2002;TR822;Çankırı;64
2003;TR822;Çankırı;68
2004;TR822;Çankırı;66
2006;TR822;Çankırı;66
2008;TR822;Çankırı;50
2010;TR822;Çankırı;54
2012;TR822;Çankırı;69
2014;TR822;Çankırı;65
2016;TR822;Çankırı;74
2018;TR822;Çankırı;72
2020;TR822;Çankırı;71
2022;TR822;Çankırı;79
1998;TR823;Sinop;55
2001;TR823;Sinop;57
2002;TR823;Sinop;64
2003;TR823;Sinop;64
2004;TR823;Sinop;65
2006;TR823;Sinop;60
2008;TR823;Sinop;58
2010;TR823;Sinop;64
2012;TR823;Sinop;66
2014;TR823;Sinop;58
2016;TR823;Sinop;60
2018;TR823;Sinop;65
2020;TR823;Sinop;67
2022;TR823;Sinop;63
1998;TR831;Samsun;342
2001;TR831;Samsun;310
2002;TR831;Samsun;311
2003;TR831;Samsun;307
2004;TR831;Samsun;301
2006;TR831;Samsun;315
2008;TR831;Samsun;292
2010;TR831;Samsun;309
2012;TR831;Samsun;331
2014;TR831;Samsun;370
2016;TR831;Samsun;509
2018;TR831;Samsun;402
2020;TR831;Samsun;393
2022;TR831;Samsun;397
1998;TR832;Tokat;204
2001;TR832;Tokat;217
2002;TR832;Tokat;230
2003;TR832;Tokat;238
2004;TR832;Tokat;236
2006;TR832;Tokat;233
2008;TR832;Tokat;170
2010;TR832;Tokat;198
2012;TR832;Tokat;232
2014;TR832;Tokat;131
2016;TR832;Tokat;169
2018;TR832;Tokat;181
2020;TR832;Tokat;170
2022;TR832;Tokat;163
1998;TR833;Çorum;197
2001;TR833;Çorum;204
2002;TR833;Çorum;212
2003;TR833;Çorum;215
2004;TR833;Çorum;218
2006;TR833;Çorum;217
2008;TR833;Çorum;157
2010;TR833;Çorum;158
2012;TR833;Çorum;177
2014;TR833;Çorum;168
2016;TR833;Çorum;159
2018;TR833;Çorum;155
2020;TR833;Çorum;141
2022;TR833;Çorum;129
1998;TR834;Amasya;206
2001;TR834;Amasya;193
2002;TR834;Amasya;200
2003;TR834;Amasya;197
2004;TR834;Amasya;195
2006;TR834;Amasya;204
2008;TR834;Amasya;128
2010;TR834;Amasya;123
2012;TR834;Amasya;100
2014;TR834;Amasya;82
2016;TR834;Amasya;84
2018;TR834;Amasya;89
2020;TR834;Amasya;88
2022;TR834;Amasya;111
1998;TR901;Trabzon;157
2001;TR901;Trabzon;154
2002;TR901;Trabzon;157
2003;TR901;Trabzon;165
2004;TR901;Trabzon;169
2006;TR901;Trabzon;169
2008;TR901;Trabzon;139
2010;TR901;Trabzon;148
2012;TR901;Trabzon;161
2014;TR901;Trabzon;186
2016;TR901;Trabzon;224
2018;TR901;Trabzon;237
2020;TR901;Trabzon;223
2022;TR901;Trabzon;213
1998;TR902;Ordu;158
2001;TR902;Ordu;150
2002;TR902;Ordu;156
2003;TR902;Ordu;158
2004;TR902;Ordu;158
2006;TR902;Ordu;152
2008;TR902;Ordu;136
2010;TR902;Ordu;151
2012;TR902;Ordu;149
2014;TR902;Ordu;186
2016;TR902;Ordu;231
2018;TR902;Ordu;257
2020;TR902;Ordu;242
2022;TR902;Ordu;224
1998;TR903;Giresun;69
2001;TR903;Giresun;76
2002;TR903;Giresun;81
2003;TR903;Giresun;85
2004;TR903;Giresun;88
2006;TR903;Giresun;82
2008;TR903;Giresun;69
2010;TR903;Giresun;85
2012;TR903;Giresun;115
2014;TR903;Giresun;113
2016;TR903;Giresun;132
2018;TR903;Giresun;119
2020;TR903;Giresun;116
2022;TR903;Giresun;111
1998;TR904;Rize;77
2001;TR904;Rize;75
2002;TR904;Rize;85
2003;TR904;Rize;91
2004;TR904;Rize;89
2006;TR904;Rize;70
2008;TR904;Rize;71
2010;TR904;Rize;59
2012;TR904;Rize;64
2014;TR904;Rize;79
2016;TR904;Rize;98
2018;TR904;Rize;100
2020;TR904;Rize;100
2022;TR904;Rize;72
1998;TR905;Artvin;31
2001;TR905;Artvin;31
2002;TR905;Artvin;33
2003;TR905;Artvin;36
2004;TR905;Artvin;36
2006;TR905;Artvin;37
2008;TR905;Artvin;33
2010;TR905;Artvin;31
2012;TR905;Artvin;32
2014;TR905;Artvin;38
2016;TR905;Artvin;43
2018;TR905;Artvin;45
2020;TR905;Artvin;58
2022;TR905;Artvin;61
1998;TR906;Gümüşhane;30
2001;TR906;Gümüşhane;29
2002;TR906;Gümüşhane;33
2003;TR906;Gümüşhane;37
2004;TR906;Gümüşhane;38
2006;TR906;Gümüşhane;34
2008;TR906;Gümüşhane;23
2010;TR906;Gümüşhane;26
2012;TR906;Gümüşhane;33
2014;TR906;Gümüşhane;35
2016;TR906;Gümüşhane;45
2018;TR906;Gümüşhane;36
2020;TR906;Gümüşhane;24
2022;TR906;Gümüşhane;26
1998;TRA11;Erzurum;225
2001;TRA11;Erzurum;229
2002;TRA11;Erzurum;243
2003;TRA11;Erzurum;254
2004;TRA11;Erzurum;256
2006;TRA11;Erzurum;220
2008;TRA11;Erzurum;205
2010;TRA11;Erzurum;188
2012;TRA11;Erzurum;200
2014;TRA11;Erzurum;179
2016;TRA11;Erzurum;202
2018;TRA11;Erzurum;209
2020;TRA11;Erzurum;228
2022;TRA11;Erzurum;232
1998;TRA12;Erzincan;76
2001;TRA12;Erzincan;81
2002;TRA12;Erzincan;89
2003;TRA12;Erzincan;84
2004;TRA12;Erzincan;86
2006;TRA12;Erzincan;88
2008;TRA12;Erzincan;72
2010;TRA12;Erzincan;83
2012;TRA12;Erzincan;85
2014;TRA12;Erzincan;97
2016;TRA12;Erzincan;101
2018;TRA12;Erzincan;95
2020;TRA12;Erzincan;80
2022;TRA12;Erzincan;80
1998;TRA13;Bayburt;35
2001;TRA13;Bayburt;34
2002;TRA13;Bayburt;33
2003;TRA13;Bayburt;45
2004;TRA13;Bayburt;37
2006;TRA13;Bayburt;36
2008;TRA13;Bayburt;17
2010;TRA13;Bayburt;18
2012;TRA13;Bayburt;17
2014;TRA13;Bayburt;21
2016;TRA13;Bayburt;17
2018;TRA13;Bayburt;16
2020;TRA13;Bayburt;21
2022;TRA13;Bayburt;21
1998;TRA21;Ağrı;56
2001;TRA21;Ağrı;67
2002;TRA21;Ağrı;70
2003;TRA21;Ağrı;73
2004;TRA21;Ağrı;78
2006;TRA21;Ağrı;93
2008;TRA21;Ağrı;89
2010;TRA21;Ağrı;105
2012;TRA21;Ağrı;127
2014;TRA21;Ağrı;137
2016;TRA21;Ağrı;146
2018;TRA21;Ağrı;159
2020;TRA21;Ağrı;176
2022;TRA21;Ağrı;181
1998;TRA22;Kars;65
2001;TRA22;Kars;62
2002;TRA22;Kars;63
2003;TRA22;Kars;72
2004;TRA22;Kars;69
2006;TRA22;Kars;72
2008;TRA22;Kars;64
2010;TRA22;Kars;67
2012;TRA22;Kars;86
2014;TRA22;Kars;77
2016;TRA22;Kars;87
2018;TRA22;Kars;86
2020;TRA22;Kars;100
2022;TRA22;Kars;105
1998;TRA23;Iğdır;40
2001;TRA23;Iğdır;43
2002;TRA23;Iğdır;45
2003;TRA23;Iğdır;44
2004;TRA23;Iğdır;42
2006;TRA23;Iğdır;48
2008;TRA23;Iğdır;42
2010;TRA23;Iğdır;46
2012;TRA23;Iğdır;61
2014;TRA23;Iğdır;57
2016;TRA23;Iğdır;63
2018;TRA23;Iğdır;55
2020;TRA23;Iğdır;56
2022;TRA23;Iğdır;57
1998;TRA24;Ardahan;20
2001;TRA24;Ardahan;14
2002;TRA24;Ardahan;14
2003;TRA24;Ardahan;13
2004;TRA24;Ardahan;14
2006;TRA24;Ardahan;14
2008;TRA24;Ardahan;14
2010;TRA24;Ardahan;17
2012;TRA24;Ardahan;23
2014;TRA24;Ardahan;22
2016;TRA24;Ardahan;25
2018;TRA24;Ardahan;25
2020;TRA24;Ardahan;27
2022;TRA24;Ardahan;26
1998;TRB11;Malatya;254
2001;TRB11;Malatya;252
2002;TRB11;Malatya;258
2003;TRB11;Malatya;273
2004;TRB11;Malatya;267
2006;TRB11;Malatya;265
2008;TRB11;Malatya;271
2010;TRB11;Malatya;208
2012;TRB11;Malatya;227
2014;TRB11;Malatya;264
2016;TRB11;Malatya;250
2018;TRB11;Malatya;271
2020;TRB11;Malatya;267
2022;TRB11;Malatya;221
1998;TRB12;Elazığ;106
2001;TRB12;Elazığ;106
2002;TRB12;Elazığ;125
2003;TRB12;Elazığ;135
2004;TRB12;Elazığ;142
2006;TRB12;Elazığ;142
2008;TRB12;Elazığ;142
2010;TRB12;Elazığ;198
2012;TRB12;Elazığ;259
2014;TRB12;Elazığ;269
2016;TRB12;Elazığ;272
2018;TRB12;Elazığ;165
2020;TRB12;Elazığ;165
2022;TRB12;Elazığ;170
1998;TRB13;Bingöl;58
2001;TRB13;Bingöl;57
2002;TRB13;Bingöl;60
2003;TRB13;Bingöl;60
2004;TRB13;Bingöl;61
2006;TRB13;Bingöl;60
2008;TRB13;Bingöl;63
2010;TRB13;Bingöl;65
2012;TRB13;Bingöl;69
2014;TRB13;Bingöl;71
2016;TRB13;Bingöl;60
2018;TRB13;Bingöl;52
2020;TRB13;Bingöl;47
2022;TRB13;Bingöl;48
1998;TRB14;Tunceli;28
2001;TRB14;Tunceli;24
2002;TRB14;Tunceli;25
2003;TRB14;Tunceli;29
2004;TRB14;Tunceli;30
2006;TRB14;Tunceli;32
2008;TRB14;Tunceli;25
2010;TRB14;Tunceli;23
2012;TRB14;Tunceli;23
2014;TRB14;Tunceli;24
2016;TRB14;Tunceli;22
2018;TRB14;Tunceli;23
2020;TRB14;Tunceli;24
2022;TRB14;Tunceli;27
1998;TRB21;Van;127
2001;TRB21;Van;149
2002;TRB21;Van;167
2003;TRB21;Van;173
2004;TRB21;Van;179
2006;TRB21;Van;196
2008;TRB21;Van;182
2010;TRB21;Van;202
2012;TRB21;Van;292
2014;TRB21;Van;381
2016;TRB21;Van;407
2018;TRB21;Van;531
2020;TRB21;Van;543
2022;TRB21;Van;419
1998;TRB22;Muş;52
2001;TRB22;Muş;42
2002;TRB22;Muş;48
2003;TRB22;Muş;56
2004;TRB22;Muş;52
2006;TRB22;Muş;53
2008;TRB22;Muş;46
2010;TRB22;Muş;49
2012;TRB22;Muş;58
2014;TRB22;Muş;64
2016;TRB22;Muş;64
2018;TRB22;Muş;70
2020;TRB22;Muş;74
2022;TRB22;Muş;84
1998;TRB23;Bitlis;72
2001;TRB23;Bitlis;71
2002;TRB23;Bitlis;74
2003;TRB23;Bitlis;91
2004;TRB23;Bitlis;92
2006;TRB23;Bitlis;89
2008;TRB23;Bitlis;79
2010;TRB23;Bitlis;68
2012;TRB23;Bitlis;65
2014;TRB23;Bitlis;58
2016;TRB23;Bitlis;61
2018;TRB23;Bitlis;63
2020;TRB23;Bitlis;68
2022;TRB23;Bitlis;82
1998;TRB24;Hakkari;16
2001;TRB24;Hakkari;13
2002;TRB24;Hakkari;14
2003;TRB24;Hakkari;20
2004;TRB24;Hakkari;20
2006;TRB24;Hakkari;29
2008;TRB24;Hakkari;28
2010;TRB24;Hakkari;27
2012;TRB24;Hakkari;27
2014;TRB24;Hakkari;44
2016;TRB24;Hakkari;45
2018;TRB24;Hakkari;50
2020;TRB24;Hakkari;52
2022;TRB24;Hakkari;59
1998;TRC11;Gaziantep;252
2001;TRC11;Gaziantep;263
2002;TRC11;Gaziantep;306
2003;TRC11;Gaziantep;344
2004;TRC11;Gaziantep;338
2006;TRC11;Gaziantep;444
2008;TRC11;Gaziantep;411
2010;TRC11;Gaziantep;413
2012;TRC11;Gaziantep;523
2014;TRC11;Gaziantep;584
2016;TRC11;Gaziantep;637
2018;TRC11;Gaziantep;651
2020;TRC11;Gaziantep;676
2022;TRC11;Gaziantep;683
1998;TRC12;Adıyaman;190
2001;TRC12;Adıyaman;151
2002;TRC12;Adıyaman;164
2003;TRC12;Adıyaman;167
2004;TRC12;Adıyaman;167
2006;TRC12;Adıyaman;171
2008;TRC12;Adıyaman;152
2010;TRC12;Adıyaman;134
2012;TRC12;Adıyaman;145
2014;TRC12;Adıyaman;150
2016;TRC12;Adıyaman;162
2018;TRC12;Adıyaman;167
2020;TRC12;Adıyaman;172
2022;TRC12;Adıyaman;180
1998;TRC13;Kilis;19
2001;TRC13;Kilis;20
2002;TRC13;Kilis;28
2003;TRC13;Kilis;28
2004;TRC13;Kilis;32
2006;TRC13;Kilis;32
2008;TRC13;Kilis;31
2010;TRC13;Kilis;35
2012;TRC13;Kilis;71
2014;TRC13;Kilis;41
2016;TRC13;Kilis;61
2018;TRC13;Kilis;53
2020;TRC13;Kilis;79
2022;TRC13;Kilis;82
1998;TRC21;Şanlıurfa;210
2001;TRC21;Şanlıurfa;209
2002;TRC21;Şanlıurfa;232
2003;TRC21;Şanlıurfa;287
2004;TRC21;Şanlıurfa;279
2006;TRC21;Şanlıurfa;295
2008;TRC21;Şanlıurfa;270
2010;TRC21;Şanlıurfa;311
2012;TRC21;Şanlıurfa;407
2014;TRC21;Şanlıurfa;575
2016;TRC21;Şanlıurfa;694
2018;TRC21;Şanlıurfa;544
2020;TRC21;Şanlıurfa;615
2022;TRC21;Şanlıurfa;513
1998;TRC22;Diyarbakır;337
2001;TRC22;Diyarbakır;281
2002;TRC22;Diyarbakır;305
2003;TRC22;Diyarbakır;309
2004;TRC22;Diyarbakır;314
2006;TRC22;Diyarbakır;320
2008;TRC22;Diyarbakır;360
2010;TRC22;Diyarbakır;380
2012;TRC22;Diyarbakır;487
2014;TRC22;Diyarbakır;567
2016;TRC22;Diyarbakır;635
2018;TRC22;Diyarbakır;672
2020;TRC22;Diyarbakır;706
2022;TRC22;Diyarbakır;739
1998;TRC31;Mardin;17
2001;TRC31;Mardin;148
2002;TRC31;Mardin;169
2003;TRC31;Mardin;176
2004;TRC31;Mardin;174
2006;TRC31;Mardin;176
2008;TRC31;Mardin;165
2010;TRC31;Mardin;147
2012;TRC31;Mardin;173
2014;TRC31;Mardin;300
2016;TRC31;Mardin;208
2018;TRC31;Mardin;221
2020;TRC31;Mardin;230
2022;TRC31;Mardin;215
1998;TRC32;Batman;77
2001;TRC32;Batman;108
2002;TRC32;Batman;123
2003;TRC32;Batman;126
2004;TRC32;Batman;124
2006;TRC32;Batman;147
2008;TRC32;Batman;123
2010;TRC32;Batman;113
2012;TRC32;Batman;131
2014;TRC32;Batman;132
2016;TRC32;Batman;194
2018;TRC32;Batman;152
2020;TRC32;Batman;160
2022;TRC32;Batman;177
1998;TRC33;Şırnak;6
2001;TRC33;Şırnak;64
2002;TRC33;Şırnak;72
2003;TRC33;Şırnak;89
2004;TRC33;Şırnak;91
2006;TRC33;Şırnak;67
2008;TRC33;Şırnak;110
2010;TRC33;Şırnak;119
2012;TRC33;Şırnak;132
2014;TRC33;Şırnak;139
2016;TRC33;Şırnak;183
2018;TRC33;Şırnak;207
2020;TRC33;Şırnak;212
2022;TRC33;Şırnak;218
1998;TRC34;Siirt;37
2001;TRC34;Siirt;39
2002;TRC34;Siirt;46
2003;TRC34;Siirt;53
2004;TRC34;Siirt;55
2006;TRC34;Siirt;60
2008;TRC34;Siirt;61
2010;TRC34;Siirt;67
2012;TRC34;Siirt;75
2014;TRC34;Siirt;74
2016;TRC34;Siirt;114
2018;TRC34;Siirt;111
2020;TRC34;Siirt;94
2022;TRC34;Siirt;78
